group,variable,value
0,M,1.0
0,Y,0
0,F,0
0,N,0
0,K,0
0,A,0
0,S,0
0,E,0
0,I,0
0,Q,0
0,W,0
0,C,0
0,T,0
0,R,0
0,D,0
0,V,0
0,L,0
0,G,0
0,H,0
0,P,0
1,M,0
1,Y,0.7735849056603774
1,F,0.22641509433962265
1,N,0
1,K,0
1,A,0
1,S,0
1,E,0
1,I,0
1,Q,0
1,W,0
1,C,0
1,T,0
1,R,0
1,D,0
1,V,0
1,L,0
1,G,0
1,H,0
1,P,0
2,M,0
2,Y,0
2,F,0
2,N,1.0
2,K,0
2,A,0
2,S,0
2,E,0
2,I,0
2,Q,0
2,W,0
2,C,0
2,T,0
2,R,0
2,D,0
2,V,0
2,L,0
2,G,0
2,H,0
2,P,0
3,M,0
3,Y,0
3,F,0
3,N,0
3,K,1.0
3,A,0
3,S,0
3,E,0
3,I,0
3,Q,0
3,W,0
3,C,0
3,T,0
3,R,0
3,D,0
3,V,0
3,L,0
3,G,0
3,H,0
3,P,0
4,M,0
4,Y,0
4,F,0
4,N,0
4,K,0
4,A,0.8867924528301887
4,S,0.11320754716981132
4,E,0
4,I,0
4,Q,0
4,W,0
4,C,0
4,T,0
4,R,0
4,D,0
4,V,0
4,L,0
4,G,0
4,H,0
4,P,0
5,M,0
5,Y,0
5,F,0
5,N,0
5,K,0
5,A,0
5,S,0
5,E,1.0
5,I,0
5,Q,0
5,W,0
5,C,0
5,T,0
5,R,0
5,D,0
5,V,0
5,L,0
5,G,0
5,H,0
5,P,0
6,M,0
6,Y,0
6,F,0
6,N,0
6,K,0
6,A,0
6,S,0
6,E,0
6,I,1.0
6,Q,0
6,W,0
6,C,0
6,T,0
6,R,0
6,D,0
6,V,0
6,L,0
6,G,0
6,H,0
6,P,0
7,M,1.0
7,Y,0
7,F,0
7,N,0
7,K,0
7,A,0
7,S,0
7,E,0
7,I,0
7,Q,0
7,W,0
7,C,0
7,T,0
7,R,0
7,D,0
7,V,0
7,L,0
7,G,0
7,H,0
7,P,0
8,M,0
8,Y,0
8,F,0
8,N,0
8,K,0.8867924528301887
8,A,0
8,S,0
8,E,0
8,I,0
8,Q,0.11320754716981132
8,W,0
8,C,0
8,T,0
8,R,0
8,D,0
8,V,0
8,L,0
8,G,0
8,H,0
8,P,0
9,M,0
9,Y,0
9,F,0
9,N,0
9,K,0
9,A,0
9,S,0
9,E,0
9,I,0
9,Q,1.0
9,W,0
9,C,0
9,T,0
9,R,0
9,D,0
9,V,0
9,L,0
9,G,0
9,H,0
9,P,0
10,M,0
10,Y,0
10,F,0
10,N,0
10,K,0
10,A,1.0
10,S,0
10,E,0
10,I,0
10,Q,0
10,W,0
10,C,0
10,T,0
10,R,0
10,D,0
10,V,0
10,L,0
10,G,0
10,H,0
10,P,0
11,M,0
11,Y,0
11,F,0
11,N,0
11,K,0
11,A,0
11,S,0
11,E,0
11,I,0
11,Q,0
11,W,1.0
11,C,0
11,T,0
11,R,0
11,D,0
11,V,0
11,L,0
11,G,0
11,H,0
11,P,0
12,M,0
12,Y,0
12,F,0
12,N,1.0
12,K,0
12,A,0
12,S,0
12,E,0
12,I,0
12,Q,0
12,W,0
12,C,0
12,T,0
12,R,0
12,D,0
12,V,0
12,L,0
12,G,0
12,H,0
12,P,0
13,M,0
13,Y,0
13,F,0
13,N,0
13,K,0
13,A,0
13,S,0
13,E,0
13,I,0
13,Q,0
13,W,0.7547169811320755
13,C,0.24528301886792453
13,T,0
13,R,0
13,D,0
13,V,0
13,L,0
13,G,0
13,H,0
13,P,0
14,M,0
14,Y,0
14,F,1.0
14,N,0
14,K,0
14,A,0
14,S,0
14,E,0
14,I,0
14,Q,0
14,W,0
14,C,0
14,T,0
14,R,0
14,D,0
14,V,0
14,L,0
14,G,0
14,H,0
14,P,0
15,M,0
15,Y,0
15,F,0
15,N,0.6792452830188679
15,K,0
15,A,0
15,S,0
15,E,0
15,I,0
15,Q,0
15,W,0
15,C,0
15,T,0.20754716981132076
15,R,0.11320754716981132
15,D,0
15,V,0
15,L,0
15,G,0
15,H,0
15,P,0
16,M,0
16,Y,0
16,F,0
16,N,0.018867924528301886
16,K,0
16,A,0
16,S,0
16,E,0
16,I,0
16,Q,0
16,W,0
16,C,0
16,T,0
16,R,0
16,D,0.9811320754716981
16,V,0
16,L,0
16,G,0
16,H,0
16,P,0
17,M,0
17,Y,0
17,F,0
17,N,0
17,K,0
17,A,0
17,S,1.0
17,E,0
17,I,0
17,Q,0
17,W,0
17,C,0
17,T,0
17,R,0
17,D,0
17,V,0
17,L,0
17,G,0
17,H,0
17,P,0
18,M,0
18,Y,0
18,F,0
18,N,0.8867924528301887
18,K,0
18,A,0
18,S,0.11320754716981132
18,E,0
18,I,0
18,Q,0
18,W,0
18,C,0
18,T,0
18,R,0
18,D,0
18,V,0
18,L,0
18,G,0
18,H,0
18,P,0
19,M,0
19,Y,0
19,F,0
19,N,0
19,K,0
19,A,0
19,S,0
19,E,0
19,I,0.3584905660377358
19,Q,0
19,W,0
19,C,0
19,T,0
19,R,0
19,D,0
19,V,0.6415094339622641
19,L,0
19,G,0
19,H,0
19,P,0
20,M,0
20,Y,0
20,F,0
20,N,0
20,K,0
20,A,0
20,S,0
20,E,0
20,I,0
20,Q,0
20,W,1.0
20,C,0
20,T,0
20,R,0
20,D,0
20,V,0
20,L,0
20,G,0
20,H,0
20,P,0
21,M,0
21,Y,0
21,F,0
21,N,0
21,K,0
21,A,0
21,S,0
21,E,0
21,I,0
21,Q,0
21,W,0
21,C,0
21,T,0
21,R,0
21,D,0
21,V,0
21,L,1.0
21,G,0
21,H,0
21,P,0
22,M,0
22,Y,0
22,F,0
22,N,0
22,K,0
22,A,0
22,S,1.0
22,E,0
22,I,0
22,Q,0
22,W,0
22,C,0
22,T,0
22,R,0
22,D,0
22,V,0
22,L,0
22,G,0
22,H,0
22,P,0
23,M,0
23,Y,0
23,F,0
23,N,0
23,K,0
23,A,0
23,S,0
23,E,0
23,I,0
23,Q,0
23,W,0
23,C,0
23,T,0
23,R,0
23,D,1.0
23,V,0
23,L,0
23,G,0
23,H,0
23,P,0
24,M,0
24,Y,0
24,F,0
24,N,0
24,K,0
24,A,0
24,S,0
24,E,0
24,I,1.0
24,Q,0
24,W,0
24,C,0
24,T,0
24,R,0
24,D,0
24,V,0
24,L,0
24,G,0
24,H,0
24,P,0
25,M,0
25,Y,0
25,F,0
25,N,0
25,K,0
25,A,0
25,S,0
25,E,1.0
25,I,0
25,Q,0
25,W,0
25,C,0
25,T,0
25,R,0
25,D,0
25,V,0
25,L,0
25,G,0
25,H,0
25,P,0
26,M,0
26,Y,0
26,F,0
26,N,0
26,K,0
26,A,0
26,S,0
26,E,0
26,I,0
26,Q,0
26,W,1.0
26,C,0
26,T,0
26,R,0
26,D,0
26,V,0
26,L,0
26,G,0
26,H,0
26,P,0
27,M,0
27,Y,0
27,F,0
27,N,0
27,K,0
27,A,0.09433962264150944
27,S,0
27,E,0
27,I,0
27,Q,0
27,W,0
27,C,0
27,T,0
27,R,0
27,D,0
27,V,0.9056603773584906
27,L,0
27,G,0
27,H,0
27,P,0
28,M,0
28,Y,0
28,F,0
28,N,0
28,K,0
28,A,0
28,S,1.0
28,E,0
28,I,0
28,Q,0
28,W,0
28,C,0
28,T,0
28,R,0
28,D,0
28,V,0
28,L,0
28,G,0
28,H,0
28,P,0
29,M,0
29,Y,1.0
29,F,0
29,N,0
29,K,0
29,A,0
29,S,0
29,E,0
29,I,0
29,Q,0
29,W,0
29,C,0
29,T,0
29,R,0
29,D,0
29,V,0
29,L,0
29,G,0
29,H,0
29,P,0
30,M,0
30,Y,0
30,F,0
30,N,0
30,K,0
30,A,0
30,S,0
30,E,0
30,I,0
30,Q,0
30,W,0
30,C,0
30,T,1.0
30,R,0
30,D,0
30,V,0
30,L,0
30,G,0
30,H,0
30,P,0
31,M,0
31,Y,0
31,F,0
31,N,0
31,K,0
31,A,0
31,S,0
31,E,0
31,I,0
31,Q,0
31,W,0
31,C,0
31,T,0
31,R,0
31,D,1.0
31,V,0
31,L,0
31,G,0
31,H,0
31,P,0
32,M,0
32,Y,0
32,F,0
32,N,0
32,K,1.0
32,A,0
32,S,0
32,E,0
32,I,0
32,Q,0
32,W,0
32,C,0
32,T,0
32,R,0
32,D,0
32,V,0
32,L,0
32,G,0
32,H,0
32,P,0
33,M,0
33,Y,0
33,F,0
33,N,0
33,K,0
33,A,0
33,S,0
33,E,1.0
33,I,0
33,Q,0
33,W,0
33,C,0
33,T,0
33,R,0
33,D,0
33,V,0
33,L,0
33,G,0
33,H,0
33,P,0
34,M,0
34,Y,0
34,F,0
34,N,0
34,K,1.0
34,A,0
34,S,0
34,E,0
34,I,0
34,Q,0
34,W,0
34,C,0
34,T,0
34,R,0
34,D,0
34,V,0
34,L,0
34,G,0
34,H,0
34,P,0
35,M,0
35,Y,0
35,F,0
35,N,0
35,K,0
35,A,0
35,S,0.3584905660377358
35,E,0
35,I,0
35,Q,0
35,W,0
35,C,0
35,T,0.6415094339622641
35,R,0
35,D,0
35,V,0
35,L,0
35,G,0
35,H,0
35,P,0
36,M,0
36,Y,0
36,F,1.0
36,N,0
36,K,0
36,A,0
36,S,0
36,E,0
36,I,0
36,Q,0
36,W,0
36,C,0
36,T,0
36,R,0
36,D,0
36,V,0
36,L,0
36,G,0
36,H,0
36,P,0
37,M,0
37,Y,0
37,F,0
37,N,0
37,K,0
37,A,0
37,S,1.0
37,E,0
37,I,0
37,Q,0
37,W,0
37,C,0
37,T,0
37,R,0
37,D,0
37,V,0
37,L,0
37,G,0
37,H,0
37,P,0
38,M,0
38,Y,0
38,F,0
38,N,0
38,K,0
38,A,0
38,S,0
38,E,0
38,I,0
38,Q,0
38,W,0
38,C,0
38,T,0
38,R,0
38,D,0
38,V,1.0
38,L,0
38,G,0
38,H,0
38,P,0
39,M,0
39,Y,0
39,F,0
39,N,0
39,K,0
39,A,0
39,S,0
39,E,0
39,I,0
39,Q,0
39,W,0
39,C,1.0
39,T,0
39,R,0
39,D,0
39,V,0
39,L,0
39,G,0
39,H,0
39,P,0
40,M,0
40,Y,0
40,F,0
40,N,0
40,K,0
40,A,0
40,S,0
40,E,0
40,I,0
40,Q,0
40,W,0
40,C,0
40,T,0
40,R,0
40,D,0
40,V,0
40,L,1.0
40,G,0
40,H,0
40,P,0
41,M,0
41,Y,0
41,F,0
41,N,0
41,K,1.0
41,A,0
41,S,0
41,E,0
41,I,0
41,Q,0
41,W,0
41,C,0
41,T,0
41,R,0
41,D,0
41,V,0
41,L,0
41,G,0
41,H,0
41,P,0
42,M,0
42,Y,0
42,F,0
42,N,0
42,K,0
42,A,0.8867924528301887
42,S,0
42,E,0
42,I,0
42,Q,0
42,W,0
42,C,0
42,T,0
42,R,0
42,D,0
42,V,0
42,L,0
42,G,0.11320754716981132
42,H,0
42,P,0
43,M,0
43,Y,0
43,F,0
43,N,0
43,K,0
43,A,1.0
43,S,0
43,E,0
43,I,0
43,Q,0
43,W,0
43,C,0
43,T,0
43,R,0
43,D,0
43,V,0
43,L,0
43,G,0
43,H,0
43,P,0
44,M,0
44,Y,0
44,F,0
44,N,0
44,K,0
44,A,0
44,S,0
44,E,0
44,I,0
44,Q,0
44,W,1.0
44,C,0
44,T,0
44,R,0
44,D,0
44,V,0
44,L,0
44,G,0
44,H,0
44,P,0
45,M,0
45,Y,0
45,F,0
45,N,0
45,K,0
45,A,0
45,S,1.0
45,E,0
45,I,0
45,Q,0
45,W,0
45,C,0
45,T,0
45,R,0
45,D,0
45,V,0
45,L,0
45,G,0
45,H,0
45,P,0
46,M,0
46,Y,0
46,F,0
46,N,0
46,K,1.0
46,A,0
46,S,0
46,E,0
46,I,0
46,Q,0
46,W,0
46,C,0
46,T,0
46,R,0
46,D,0
46,V,0
46,L,0
46,G,0
46,H,0
46,P,0
47,M,0
47,Y,0
47,F,0
47,N,0
47,K,0
47,A,1.0
47,S,0
47,E,0
47,I,0
47,Q,0
47,W,0
47,C,0
47,T,0
47,R,0
47,D,0
47,V,0
47,L,0
47,G,0
47,H,0
47,P,0
48,M,0
48,Y,0
48,F,0
48,N,0
48,K,1.0
48,A,0
48,S,0
48,E,0
48,I,0
48,Q,0
48,W,0
48,C,0
48,T,0
48,R,0
48,D,0
48,V,0
48,L,0
48,G,0
48,H,0
48,P,0
49,M,0
49,Y,0
49,F,0
49,N,0
49,K,0
49,A,0
49,S,0
49,E,1.0
49,I,0
49,Q,0
49,W,0
49,C,0
49,T,0
49,R,0
49,D,0
49,V,0
49,L,0
49,G,0
49,H,0
49,P,0
50,M,0
50,Y,0
50,F,0
50,N,0
50,K,0
50,A,0
50,S,0
50,E,1.0
50,I,0
50,Q,0
50,W,0
50,C,0
50,T,0
50,R,0
50,D,0
50,V,0
50,L,0
50,G,0
50,H,0
50,P,0
51,M,0
51,Y,0
51,F,0
51,N,0
51,K,0
51,A,0
51,S,0
51,E,0
51,I,0.24528301886792453
51,Q,0
51,W,0
51,C,0
51,T,0
51,R,0
51,D,0
51,V,0.7547169811320755
51,L,0
51,G,0
51,H,0
51,P,0
52,M,0
52,Y,0
52,F,0
52,N,0
52,K,0.2641509433962264
52,A,0
52,S,0
52,E,0.7358490566037735
52,I,0
52,Q,0
52,W,0
52,C,0
52,T,0
52,R,0
52,D,0
52,V,0
52,L,0
52,G,0
52,H,0
52,P,0
53,M,0
53,Y,0
53,F,0
53,N,0
53,K,0.22641509433962265
53,A,0
53,S,0
53,E,0.7735849056603774
53,I,0
53,Q,0
53,W,0
53,C,0
53,T,0
53,R,0
53,D,0
53,V,0
53,L,0
53,G,0
53,H,0
53,P,0
54,M,0
54,Y,0
54,F,0
54,N,0
54,K,0
54,A,0
54,S,0.7358490566037735
54,E,0
54,I,0
54,Q,0
54,W,0
54,C,0
54,T,0
54,R,0
54,D,0
54,V,0.2641509433962264
54,L,0
54,G,0
54,H,0
54,P,0
55,M,0
55,Y,0
55,F,0
55,N,0
55,K,0.7358490566037735
55,A,0
55,S,0
55,E,0.2641509433962264
55,I,0
55,Q,0
55,W,0
55,C,0
55,T,0
55,R,0
55,D,0
55,V,0
55,L,0
55,G,0
55,H,0
55,P,0
56,M,0
56,Y,0
56,F,0
56,N,0
56,K,0.9811320754716981
56,A,0
56,S,0
56,E,0.018867924528301886
56,I,0
56,Q,0
56,W,0
56,C,0
56,T,0
56,R,0
56,D,0
56,V,0
56,L,0
56,G,0
56,H,0
56,P,0
57,M,0
57,Y,0
57,F,0
57,N,0
57,K,0
57,A,0
57,S,0
57,E,1.0
57,I,0
57,Q,0
57,W,0
57,C,0
57,T,0
57,R,0
57,D,0
57,V,0
57,L,0
57,G,0
57,H,0
57,P,0
58,M,0
58,Y,0
58,F,0
58,N,0
58,K,0
58,A,0
58,S,0.7358490566037735
58,E,0
58,I,0.2641509433962264
58,Q,0
58,W,0
58,C,0
58,T,0
58,R,0
58,D,0
58,V,0
58,L,0
58,G,0
58,H,0
58,P,0
59,M,0
59,Y,0
59,F,0
59,N,0
59,K,1.0
59,A,0
59,S,0
59,E,0
59,I,0
59,Q,0
59,W,0
59,C,0
59,T,0
59,R,0
59,D,0
59,V,0
59,L,0
59,G,0
59,H,0
59,P,0
60,M,0
60,Y,0.18867924528301888
60,F,0
60,N,0
60,K,0
60,A,0
60,S,0
60,E,0
60,I,0
60,Q,0
60,W,0
60,C,0
60,T,0
60,R,0
60,D,0
60,V,0
60,L,0
60,G,0
60,H,0.8113207547169812
60,P,0
61,M,0
61,Y,0
61,F,0
61,N,0
61,K,0
61,A,0
61,S,0
61,E,0
61,I,1.0
61,Q,0
61,W,0
61,C,0
61,T,0
61,R,0
61,D,0
61,V,0
61,L,0
61,G,0
61,H,0
61,P,0
62,M,0
62,Y,0
62,F,0
62,N,0
62,K,0
62,A,0.7358490566037735
62,S,0.2641509433962264
62,E,0
62,I,0
62,Q,0
62,W,0
62,C,0
62,T,0
62,R,0
62,D,0
62,V,0
62,L,0
62,G,0
62,H,0
62,P,0
63,M,0
63,Y,0
63,F,0
63,N,0
63,K,1.0
63,A,0
63,S,0
63,E,0
63,I,0
63,Q,0
63,W,0
63,C,0
63,T,0
63,R,0
63,D,0
63,V,0
63,L,0
63,G,0
63,H,0
63,P,0
64,M,0
64,Y,0
64,F,0
64,N,0
64,K,0
64,A,0
64,S,1.0
64,E,0
64,I,0
64,Q,0
64,W,0
64,C,0
64,T,0
64,R,0
64,D,0
64,V,0
64,L,0
64,G,0
64,H,0
64,P,0
65,M,0
65,Y,0
65,F,0
65,N,0
65,K,0
65,A,0
65,S,0
65,E,1.0
65,I,0
65,Q,0
65,W,0
65,C,0
65,T,0
65,R,0
65,D,0
65,V,0
65,L,0
65,G,0
65,H,0
65,P,0
66,M,0
66,Y,0
66,F,0
66,N,0
66,K,0
66,A,0
66,S,0
66,E,1.0
66,I,0
66,Q,0
66,W,0
66,C,0
66,T,0
66,R,0
66,D,0
66,V,0
66,L,0
66,G,0
66,H,0
66,P,0
67,M,0
67,Y,0
67,F,0
67,N,0
67,K,0
67,A,0
67,S,0
67,E,0
67,I,0
67,Q,0
67,W,0
67,C,0
67,T,0
67,R,0
67,D,0
67,V,0
67,L,1.0
67,G,0
67,H,0
67,P,0
68,M,0
68,Y,0
68,F,0
68,N,0
68,K,1.0
68,A,0
68,S,0
68,E,0
68,I,0
68,Q,0
68,W,0
68,C,0
68,T,0
68,R,0
68,D,0
68,V,0
68,L,0
68,G,0
68,H,0
68,P,0
69,M,0
69,Y,0
69,F,0
69,N,0
69,K,0
69,A,1.0
69,S,0
69,E,0
69,I,0
69,Q,0
69,W,0
69,C,0
69,T,0
69,R,0
69,D,0
69,V,0
69,L,0
69,G,0
69,H,0
69,P,0
70,M,0
70,Y,0
70,F,0
70,N,0
70,K,0
70,A,0
70,S,0
70,E,0
70,I,0
70,Q,0
70,W,1.0
70,C,0
70,T,0
70,R,0
70,D,0
70,V,0
70,L,0
70,G,0
70,H,0
70,P,0
71,M,0
71,Y,0
71,F,0
71,N,1.0
71,K,0
71,A,0
71,S,0
71,E,0
71,I,0
71,Q,0
71,W,0
71,C,0
71,T,0
71,R,0
71,D,0
71,V,0
71,L,0
71,G,0
71,H,0
71,P,0
72,M,0
72,Y,0
72,F,0
72,N,0
72,K,0
72,A,0
72,S,0
72,E,0
72,I,0
72,Q,0
72,W,1.0
72,C,0
72,T,0
72,R,0
72,D,0
72,V,0
72,L,0
72,G,0
72,H,0
72,P,0
73,M,0
73,Y,0
73,F,0
73,N,0
73,K,0
73,A,1.0
73,S,0
73,E,0
73,I,0
73,Q,0
73,W,0
73,C,0
73,T,0
73,R,0
73,D,0
73,V,0
73,L,0
73,G,0
73,H,0
73,P,0
74,M,0
74,Y,0
74,F,0
74,N,0
74,K,0
74,A,0
74,S,0
74,E,1.0
74,I,0
74,Q,0
74,W,0
74,C,0
74,T,0
74,R,0
74,D,0
74,V,0
74,L,0
74,G,0
74,H,0
74,P,0
75,M,0
75,Y,0
75,F,0
75,N,0
75,K,0
75,A,0
75,S,0.11320754716981132
75,E,0
75,I,0
75,Q,0
75,W,0
75,C,0
75,T,0
75,R,0.8867924528301887
75,D,0
75,V,0
75,L,0
75,G,0
75,H,0
75,P,0
76,M,0
76,Y,0
76,F,0
76,N,0
76,K,1.0
76,A,0
76,S,0
76,E,0
76,I,0
76,Q,0
76,W,0
76,C,0
76,T,0
76,R,0
76,D,0
76,V,0
76,L,0
76,G,0
76,H,0
76,P,0
77,M,0
77,Y,0
77,F,0
77,N,0
77,K,0
77,A,0
77,S,0
77,E,0
77,I,0
77,Q,0
77,W,0
77,C,0
77,T,0
77,R,0
77,D,0
77,V,0
77,L,1.0
77,G,0
77,H,0
77,P,0
78,M,0
78,Y,0
78,F,0
78,N,0
78,K,0
78,A,0
78,S,0
78,E,0
78,I,0
78,Q,0
78,W,0
78,C,0
78,T,0
78,R,0
78,D,0
78,V,0
78,L,0
78,G,1.0
78,H,0
78,P,0
79,M,0
79,Y,0
79,F,0
79,N,0
79,K,0
79,A,0
79,S,0
79,E,0
79,I,0
79,Q,0
79,W,0
79,C,0
79,T,0
79,R,0
79,D,0
79,V,0
79,L,1.0
79,G,0
79,H,0
79,P,0
80,M,0
80,Y,0
80,F,0
80,N,0
80,K,0
80,A,0
80,S,0
80,E,0
80,I,0
80,Q,0
80,W,0
80,C,0
80,T,0
80,R,0.6981132075471698
80,D,0
80,V,0
80,L,0
80,G,0
80,H,0.3018867924528302
80,P,0
81,M,0
81,Y,0
81,F,1.0
81,N,0
81,K,0
81,A,0
81,S,0
81,E,0
81,I,0
81,Q,0
81,W,0
81,C,0
81,T,0
81,R,0
81,D,0
81,V,0
81,L,0
81,G,0
81,H,0
81,P,0
82,M,0
82,Y,0
82,F,0
82,N,1.0
82,K,0
82,A,0
82,S,0
82,E,0
82,I,0
82,Q,0
82,W,0
82,C,0
82,T,0
82,R,0
82,D,0
82,V,0
82,L,0
82,G,0
82,H,0
82,P,0
83,M,0
83,Y,0
83,F,0
83,N,0
83,K,0
83,A,0
83,S,0
83,E,0
83,I,1.0
83,Q,0
83,W,0
83,C,0
83,T,0
83,R,0
83,D,0
83,V,0
83,L,0
83,G,0
83,H,0
83,P,0
84,M,0
84,Y,0
84,F,0
84,N,0
84,K,0
84,A,0
84,S,1.0
84,E,0
84,I,0
84,Q,0
84,W,0
84,C,0
84,T,0
84,R,0
84,D,0
84,V,0
84,L,0
84,G,0
84,H,0
84,P,0
85,M,0
85,Y,0
85,F,0
85,N,0
85,K,0
85,A,0
85,S,0
85,E,0
85,I,0
85,Q,0
85,W,0
85,C,0
85,T,0
85,R,0
85,D,1.0
85,V,0
85,L,0
85,G,0
85,H,0
85,P,0
86,M,0
86,Y,0
86,F,0
86,N,0
86,K,0
86,A,0
86,S,0
86,E,0
86,I,0
86,Q,0
86,W,0
86,C,0
86,T,0
86,R,0
86,D,1.0
86,V,0
86,L,0
86,G,0
86,H,0
86,P,0
87,M,0
87,Y,0
87,F,0
87,N,0
87,K,0
87,A,0
87,S,0
87,E,1.0
87,I,0
87,Q,0
87,W,0
87,C,0
87,T,0
87,R,0
87,D,0
87,V,0
87,L,0
87,G,0
87,H,0
87,P,0
88,M,0
88,Y,0
88,F,0
88,N,0
88,K,1.0
88,A,0
88,S,0
88,E,0
88,I,0
88,Q,0
88,W,0
88,C,0
88,T,0
88,R,0
88,D,0
88,V,0
88,L,0
88,G,0
88,H,0
88,P,0
89,M,0
89,Y,0
89,F,1.0
89,N,0
89,K,0
89,A,0
89,S,0
89,E,0
89,I,0
89,Q,0
89,W,0
89,C,0
89,T,0
89,R,0
89,D,0
89,V,0
89,L,0
89,G,0
89,H,0
89,P,0
90,M,0
90,Y,0
90,F,0
90,N,0
90,K,0
90,A,0
90,S,0
90,E,0
90,I,0
90,Q,0
90,W,0
90,C,0
90,T,1.0
90,R,0
90,D,0
90,V,0
90,L,0
90,G,0
90,H,0
90,P,0
91,M,0
91,Y,0
91,F,0
91,N,0
91,K,0
91,A,0
91,S,1.0
91,E,0
91,I,0
91,Q,0
91,W,0
91,C,0
91,T,0
91,R,0
91,D,0
91,V,0
91,L,0
91,G,0
91,H,0
91,P,0
92,M,0
92,Y,0
92,F,0
92,N,0
92,K,0
92,A,0
92,S,0
92,E,0
92,I,0
92,Q,0
92,W,0
92,C,0
92,T,0
92,R,0
92,D,0
92,V,1.0
92,L,0
92,G,0
92,H,0
92,P,0
93,M,0
93,Y,0
93,F,0
93,N,0
93,K,1.0
93,A,0
93,S,0
93,E,0
93,I,0
93,Q,0
93,W,0
93,C,0
93,T,0
93,R,0
93,D,0
93,V,0
93,L,0
93,G,0
93,H,0
93,P,0
94,M,0
94,Y,0
94,F,0
94,N,0
94,K,0
94,A,0
94,S,0
94,E,0
94,I,0
94,Q,0
94,W,0
94,C,0
94,T,0
94,R,0
94,D,1.0
94,V,0
94,L,0
94,G,0
94,H,0
94,P,0
95,M,0
95,Y,0
95,F,0
95,N,0
95,K,0
95,A,0
95,S,0
95,E,1.0
95,I,0
95,Q,0
95,W,0
95,C,0
95,T,0
95,R,0
95,D,0
95,V,0
95,L,0
95,G,0
95,H,0
95,P,0
96,M,0
96,Y,0
96,F,0
96,N,0
96,K,0
96,A,0
96,S,0
96,E,0
96,I,0
96,Q,0
96,W,0
96,C,0
96,T,1.0
96,R,0
96,D,0
96,V,0
96,L,0
96,G,0
96,H,0
96,P,0
97,M,0
97,Y,0
97,F,0
97,N,0
97,K,1.0
97,A,0
97,S,0
97,E,0
97,I,0
97,Q,0
97,W,0
97,C,0
97,T,0
97,R,0
97,D,0
97,V,0
97,L,0
97,G,0
97,H,0
97,P,0
98,M,0
98,Y,0
98,F,0
98,N,0
98,K,0
98,A,0
98,S,0
98,E,0
98,I,0.6037735849056604
98,Q,0.39622641509433965
98,W,0
98,C,0
98,T,0
98,R,0
98,D,0
98,V,0
98,L,0
98,G,0
98,H,0
98,P,0
99,M,0
99,Y,0
99,F,0
99,N,0.6037735849056604
99,K,0
99,A,0
99,S,0
99,E,0
99,I,0
99,Q,0
99,W,0
99,C,0
99,T,0
99,R,0
99,D,0
99,V,0
99,L,0
99,G,0
99,H,0.39622641509433965
99,P,0
100,M,0
100,Y,0
100,F,1.0
100,N,0
100,K,0
100,A,0
100,S,0
100,E,0
100,I,0
100,Q,0
100,W,0
100,C,0
100,T,0
100,R,0
100,D,0
100,V,0
100,L,0
100,G,0
100,H,0
100,P,0
101,M,0
101,Y,0
101,F,0
101,N,0
101,K,0
101,A,0
101,S,0
101,E,0
101,I,0
101,Q,0
101,W,0
101,C,0
101,T,0
101,R,0
101,D,0
101,V,0
101,L,0
101,G,1.0
101,H,0
101,P,0
102,M,0
102,Y,0
102,F,0
102,N,0
102,K,0
102,A,0
102,S,0
102,E,0
102,I,0
102,Q,0
102,W,0
102,C,0
102,T,0
102,R,0
102,D,0
102,V,0
102,L,1.0
102,G,0
102,H,0
102,P,0
103,M,0
103,Y,0
103,F,0
103,N,0
103,K,0
103,A,0
103,S,1.0
103,E,0
103,I,0
103,Q,0
103,W,0
103,C,0
103,T,0
103,R,0
103,D,0
103,V,0
103,L,0
103,G,0
103,H,0
103,P,0
104,M,0
104,Y,0
104,F,0
104,N,0
104,K,0
104,A,0
104,S,0
104,E,0
104,I,0
104,Q,0
104,W,0
104,C,0
104,T,0
104,R,0
104,D,0
104,V,0.9811320754716981
104,L,0.018867924528301886
104,G,0
104,H,0
104,P,0
105,M,0
105,Y,0
105,F,0
105,N,0
105,K,0
105,A,0
105,S,0
105,E,0
105,I,0
105,Q,0
105,W,1.0
105,C,0
105,T,0
105,R,0
105,D,0
105,V,0
105,L,0
105,G,0
105,H,0
105,P,0
106,M,0
106,Y,0
106,F,0
106,N,0
106,K,0
106,A,1.0
106,S,0
106,E,0
106,I,0
106,Q,0
106,W,0
106,C,0
106,T,0
106,R,0
106,D,0
106,V,0
106,L,0
106,G,0
106,H,0
106,P,0
107,M,0
107,Y,0
107,F,0
107,N,0
107,K,0
107,A,0
107,S,0
107,E,0
107,I,0
107,Q,0
107,W,0
107,C,1.0
107,T,0
107,R,0
107,D,0
107,V,0
107,L,0
107,G,0
107,H,0
107,P,0
108,M,0
108,Y,0
108,F,0
108,N,0
108,K,0
108,A,1.0
108,S,0
108,E,0
108,I,0
108,Q,0
108,W,0
108,C,0
108,T,0
108,R,0
108,D,0
108,V,0
108,L,0
108,G,0
108,H,0
108,P,0
109,M,1.0
109,Y,0
109,F,0
109,N,0
109,K,0
109,A,0
109,S,0
109,E,0
109,I,0
109,Q,0
109,W,0
109,C,0
109,T,0
109,R,0
109,D,0
109,V,0
109,L,0
109,G,0
109,H,0
109,P,0
110,M,0
110,Y,0
110,F,0
110,N,0
110,K,1.0
110,A,0
110,S,0
110,E,0
110,I,0
110,Q,0
110,W,0
110,C,0
110,T,0
110,R,0
110,D,0
110,V,0
110,L,0
110,G,0
110,H,0
110,P,0
111,M,0
111,Y,0
111,F,0
111,N,0
111,K,0
111,A,1.0
111,S,0
111,E,0
111,I,0
111,Q,0
111,W,0
111,C,0
111,T,0
111,R,0
111,D,0
111,V,0
111,L,0
111,G,0
111,H,0
111,P,0
112,M,0
112,Y,0
112,F,0
112,N,0
112,K,0
112,A,0
112,S,0
112,E,0
112,I,0
112,Q,0
112,W,0
112,C,0
112,T,0
112,R,0
112,D,0
112,V,1.0
112,L,0
112,G,0
112,H,0
112,P,0
113,M,0
113,Y,0
113,F,0
113,N,0
113,K,1.0
113,A,0
113,S,0
113,E,0
113,I,0
113,Q,0
113,W,0
113,C,0
113,T,0
113,R,0
113,D,0
113,V,0
113,L,0
113,G,0
113,H,0
113,P,0
114,M,0
114,Y,0
114,F,0
114,N,0
114,K,0
114,A,0
114,S,0
114,E,0
114,I,0
114,Q,0
114,W,0
114,C,0
114,T,0
114,R,0
114,D,0
114,V,0
114,L,1.0
114,G,0
114,H,0
114,P,0
115,M,0
115,Y,0
115,F,0
115,N,0
115,K,0
115,A,0
115,S,0
115,E,0
115,I,0
115,Q,0
115,W,0
115,C,0
115,T,0
115,R,0
115,D,0
115,V,0
115,L,0
115,G,0
115,H,1.0
115,P,0
116,M,0
116,Y,0
116,F,0
116,N,0.9622641509433962
116,K,0
116,A,0
116,S,0.03773584905660377
116,E,0
116,I,0
116,Q,0
116,W,0
116,C,0
116,T,0
116,R,0
116,D,0
116,V,0
116,L,0
116,G,0
116,H,0
116,P,0
117,M,0
117,Y,0
117,F,0
117,N,0
117,K,0
117,A,0
117,S,0
117,E,0
117,I,0
117,Q,0
117,W,0
117,C,0
117,T,0
117,R,0
117,D,0.9622641509433962
117,V,0
117,L,0
117,G,0
117,H,0.03773584905660377
117,P,0
118,M,0
118,Y,0
118,F,0
118,N,0
118,K,0
118,A,0
118,S,0
118,E,0
118,I,0
118,Q,0
118,W,0
118,C,0
118,T,0
118,R,0
118,D,0
118,V,0
118,L,1.0
118,G,0
118,H,0
118,P,0
119,M,0
119,Y,0
119,F,1.0
119,N,0
119,K,0
119,A,0
119,S,0
119,E,0
119,I,0
119,Q,0
119,W,0
119,C,0
119,T,0
119,R,0
119,D,0
119,V,0
119,L,0
119,G,0
119,H,0
119,P,0
120,M,0
120,Y,0
120,F,0
120,N,0
120,K,0
120,A,0
120,S,0
120,E,0
120,I,0
120,Q,0
120,W,0
120,C,0
120,T,0
120,R,0
120,D,0
120,V,0
120,L,0
120,G,0
120,H,0
120,P,1.0
121,M,0
121,Y,0
121,F,0
121,N,0
121,K,0
121,A,0
121,S,0
121,E,0
121,I,0
121,Q,1.0
121,W,0
121,C,0
121,T,0
121,R,0
121,D,0
121,V,0
121,L,0
121,G,0
121,H,0
121,P,0
122,M,0
122,Y,0
122,F,0
122,N,0
122,K,0
122,A,0
122,S,0
122,E,0
122,I,0
122,Q,0
122,W,0
122,C,0
122,T,1.0
122,R,0
122,D,0
122,V,0
122,L,0
122,G,0
122,H,0
122,P,0
123,M,0
123,Y,0
123,F,0
123,N,0
123,K,0
123,A,0.9811320754716981
123,S,0
123,E,0
123,I,0
123,Q,0
123,W,0
123,C,0
123,T,0
123,R,0
123,D,0
123,V,0.018867924528301886
123,L,0
123,G,0
123,H,0
123,P,0
124,M,0
124,Y,0
124,F,0
124,N,0
124,K,0
124,A,1.0
124,S,0
124,E,0
124,I,0
124,Q,0
124,W,0
124,C,0
124,T,0
124,R,0
124,D,0
124,V,0
124,L,0
124,G,0
124,H,0
124,P,0
